,0
16S Standard 1 Ct Mean,12.323
16S Standard 1 Ct SD,0.096
16S Standard 2 Ct Mean,15.405
16S Standard 2 Ct SD,0.059
16S Standard 3 Ct Mean,18.693
16S Standard 3 Ct SD,0.016
16S Standard 4 Ct Mean,21.959
16S Standard 4 Ct SD,0.053
16S Standard 5 Ct Mean,25.274
16S Standard 5 Ct SD,0.069
16S Standard 6 Ct Mean,28.671
16S Standard 6 Ct SD,0.01
16S NTC Ct Mean,36.594
16S NTC Ct SD,0.384
16S Slope,-5.054907029230296
16S YIntercept,38.366424442919346
16S RSqd,0.9998000819931618
16S PCREff,57.69850460910393
RNase P Standard 1 Ct Mean,21.212
RNase P Standard 1 Ct SD,0.097
RNase P Standard 2 Ct Mean,23.464
RNase P Standard 2 Ct SD,0.063
RNase P Standard 3 Ct Mean,25.537
RNase P Standard 3 Ct SD,0.061
RNase P Standard 4 Ct Mean,27.612
RNase P Standard 4 Ct SD,0.066
RNase P Standard 5 Ct Mean,29.996
RNase P Standard 5 Ct SD,0.044
RNase P Standard 6 Ct Mean,32.277
RNase P Standard 6 Ct SD,0.144
RNase P Human DNA Male Ct Mean,25.492
RNase P Human DNA Male Ct SD,0.015
RNase P NTC Ct Mean,
RNase P NTC Ct SD,
RNase P Slope,-3.395841847108233
RNase P YIntercept,38.76108247238112
RNase P RSqd,0.999436342277815
RNase P PCREff,97.00524522335263
